{
    "10.0": {
        "56.0": {
            "1.0": {
                "P": 1.4067814348675882,
                "Q": 4.813362681374391,
                "COP": 3.4215426519525
            },
            "0.8999999999999999": {
                "P": 1.1867509328260264,
                "Q": 4.297302832785881,
                "COP": 3.6210654771112374
            },
            "0.7999999999999999": {
                "P": 1.0511066113378036,
                "Q": 3.8478175257530793,
                "COP": 3.660730019437078
            },
            "0.7": {
                "P": 0.9457868731725696,
                "Q": 3.4148997008733257,
                "COP": 3.6106440020871786
            },
            "0.6": {
                "P": 0.8516693512305568,
                "Q": 2.9831269307705663,
                "COP": 3.5026820284894806
            },
            "0.5": {
                "P": 0.7581823349949111,
                "Q": 2.543571402632868,
                "COP": 3.354828100353908
            },
            "0.39999999999999997": {
                "P": 0.6351341327397788,
                "Q": 2.0672142957655493,
                "COP": 3.2547680705620476
            },
            "0.3": {
                "P": 0.4828642147497963,
                "Q": 1.5526261840038647,
                "COP": 3.2154509209351585
            }
        },
        "59.22222222222222": {
            "1.0": {
                "P": 1.3618512024955949,
                "Q": 4.639080248789726,
                "COP": 3.4064516301697294
            },
            "0.8999999999999999": {
                "P": 1.1872871156314304,
                "Q": 4.1773267048081015,
                "COP": 3.5183795476349373
            },
            "0.7999999999999999": {
                "P": 1.0672028173398387,
                "Q": 3.7515250540273217,
                "COP": 3.515287809470513
            },
            "0.7": {
                "P": 0.9679356719646444,
                "Q": 3.335005318089494,
                "COP": 3.4454823958707363
            },
            "0.6": {
                "P": 0.8762568011433935,
                "Q": 2.917235242624884,
                "COP": 3.3292012556345316
            },
            "0.5": {
                "P": 0.7831946757400549,
                "Q": 2.490527272398419,
                "COP": 3.179959401594597
            },
            "0.39999999999999997": {
                "P": 0.6511217159594515,
                "Q": 2.018441145858078,
                "COP": 3.0999444441563924
            },
            "0.3": {
                "P": 0.4951339326000168,
                "Q": 1.5154083545224222,
                "COP": 3.060602909125624
            }
        },
        "62.44444444444444": {
            "1.0": {
                "P": 1.3466068490120169,
                "Q": 4.486839990960443,
                "COP": 3.3319598769695573
            },
            "0.8999999999999999": {
                "P": 1.1985789447427866,
                "Q": 4.0581800003897115,
                "COP": 3.38582620543246
            },
            "0.7999999999999999": {
                "P": 1.0871810548069278,
                "Q": 3.652113685782111,
                "COP": 3.3592506690899695
            },
            "0.7": {
                "P": 0.9916089507691661,
                "Q": 3.250856190017115,
                "COP": 3.2783651130775975
            },
            "0.6": {
                "P": 0.9012984320853137,
                "Q": 2.8473266961453185,
                "COP": 3.1591386324255812
            },
            "0.5": {
                "P": 0.8076563956851727,
                "Q": 2.4331928020922398,
                "COP": 3.012658371915756
            },
            "0.39999999999999997": {
                "P": 0.6661955085111293,
                "Q": 1.966014556862919,
                "COP": 2.9511074928390566
            },
            "0.3": {
                "P": 0.5071511305603493,
                "Q": 1.4756660098090153,
                "COP": 2.9097164945261142
            }
        },
        "65.66666666666667": {
            "1.0": {
                "P": 1.3511494109046098,
                "Q": 4.341224746097531,
                "COP": 3.2129864477319585
            },
            "0.8999999999999999": {
                "P": 1.2159769988707012,
                "Q": 3.93619509058322,
                "COP": 3.237063771961832
            },
            "0.7999999999999999": {
                "P": 1.109575685795309,
                "Q": 3.5471726701054287,
                "COP": 3.196873107004798
            },
            "0.7": {
                "P": 1.0160122068359716,
                "Q": 3.1617054741704886,
                "COP": 3.1118774488119167
            },
            "0.6": {
                "P": 0.9256906583532711,
                "Q": 2.7719059322602577,
                "COP": 2.9944192557708798
            },
            "0.5": {
                "P": 0.830962960070112,
                "Q": 2.3717846030476895,
                "COP": 2.8542603184714417
            },
            "0.39999999999999997": {
                "P": 0.6802304648365676,
                "Q": 1.9098363339214879,
                "COP": 2.80763128475927
            },
            "0.3": {
                "P": 0.5185725212175725,
                "Q": 1.4330952211852936,
                "COP": 2.763538680801067
            }
        },
        "68.88888888888889": {
            "1.0": {
                "P": 1.3656943370648595,
                "Q": 4.193219463689008,
                "COP": 3.070393828168787
            },
            "0.8999999999999999": {
                "P": 1.2376626270485995,
                "Q": 3.8086329368340914,
                "COP": 3.077278778237308
            },
            "0.7999999999999999": {
                "P": 1.1340542781002174,
                "Q": 3.436635486006879,
                "COP": 3.03039770879748
            },
            "0.7": {
                "P": 1.0404125422515378,
                "Q": 3.0661607855884436,
                "COP": 2.947062497875142
            },
            "0.6": {
                "P": 0.949302838419121,
                "Q": 2.691588975156957,
                "COP": 2.835332273565382
            },
            "0.5": {
                "P": 0.8528866729381717,
                "Q": 2.30514309882038,
                "COP": 2.7027542720057096
            },
            "0.39999999999999997": {
                "P": 0.692941634939055,
                "Q": 1.8500044144766794,
                "COP": 2.6697838911633434
            },
            "0.3": {
                "P": 0.5293387844183991,
                "Q": 1.3877755232825608,
                "COP": 2.621715173973796
            }
        },
        "72.11111111111111": {
            "1.0": {
                "P": 1.3871835339455028,
                "Q": 4.04094130597881,
                "COP": 2.913054550528974
            },
            "0.8999999999999999": {
                "P": 1.2623569349893673,
                "Q": 3.673920103021146,
                "COP": 2.910365524353135
            },
            "0.7999999999999999": {
                "P": 1.1593298808753112,
                "Q": 3.318951667737672,
                "COP": 2.862819049597699
            },
            "0.7": {
                "P": 1.064757318681402,
                "Q": 2.9644960814239254,
                "COP": 2.784198830485771
            },
            "0.6": {
                "P": 0.9719178803985805,
                "Q": 2.6045523266606705,
                "COP": 2.679806986977698
            },
            "0.5": {
                "P": 0.8665627880173472,
                "Q": 2.2267134415321013,
                "COP": 2.56959273156272
            },
            "0.39999999999999997": {
                "P": 0.7044152537396481,
                "Q": 1.7858266146801702,
                "COP": 2.535190152682599
            },