{
    "10.0": {
        "56.0": {
            "1.0": {
                "P": 1.1250857744356473,
                "Q": 4.306474723634828,
                "COP": 3.827685694270726
            },
            "0.8999999999999999": {
                "P": 0.9955961482784529,
                "Q": 3.866335586676906,
                "COP": 3.8834376703469844
            },
            "0.7999999999999999": {
                "P": 0.8988775878754922,
                "Q": 3.453123353592463,
                "COP": 3.841594673368107
            },
            "0.7": {
                "P": 0.8157867034463707,
                "Q": 3.0498132320271334,
                "COP": 3.7384934311173486
            },
            "0.6": {
                "P": 0.7375697734924103,
                "Q": 2.64920081936049,
                "COP": 3.591796891047286
            },
            "0.5": {
                "P": 0.6578263830776077,
                "Q": 2.245346561194741,
                "COP": 3.4132814051786733
            },
            "0.39999999999999997": {
                "P": 0.5360457030213303,
                "Q": 1.797691468344436,
                "COP": 3.3536160409682503
            },
            "0.3": {
                "P": 0.40758240534633905,
                "Q": 1.3408381077931624,
                "COP": 3.289735008688117
            }
        },
        "59.22222222222222": {
            "1.0": {
                "P": 1.1567653113954526,
                "Q": 4.2960394328964995,
                "COP": 3.713838399695798
            },
            "0.8999999999999999": {
                "P": 1.030904842699739,
                "Q": 3.8633021047372007,
                "COP": 3.7474866202199277
            },
            "0.7999999999999999": {
                "P": 0.934698916749454,
                "Q": 3.4540740841095325,
                "COP": 3.695386848335673
            },
            "0.7": {
                "P": 0.8515061444986075,
                "Q": 3.054428862521117,
                "COP": 3.5870896320068915
            },
            "0.6": {
                "P": 0.7724082640519677,
                "Q": 2.6565057104449092,
                "COP": 3.4392507616492556
            },
            "0.5": {
                "P": 0.6908128133200576,
                "Q": 2.2547549202512958,
                "COP": 3.2639158926640444
            },
            "0.39999999999999997": {
                "P": 0.5617258093119669,
                "Q": 1.8041183093137956,
                "COP": 3.2117418843965533
            },
            "0.3": {
                "P": 0.42703984428128655,
                "Q": 1.345927741914236,
                "COP": 3.151761504080373
            }
        },
        "62.44444444444444": {
            "1.0": {
                "P": 1.1959120484076071,
                "Q": 4.28948381690692,
                "COP": 3.586788696224356
            },
            "0.8999999999999999": {
                "P": 1.069894174332227,
                "Q": 3.861622587342589,
                "COP": 3.6093500460013397
            },
            "0.7999999999999999": {
                "P": 0.9725994412255369,
                "Q": 3.455821075572826,
                "COP": 3.5531801984363396
            },
            "0.7": {
                "P": 0.8884902642471527,
                "Q": 3.059246167188612,
                "COP": 3.443196048727459
            },
            "0.6": {
                "P": 0.8078123105076758,
                "Q": 2.6638811327159253,
                "COP": 3.297648597409699
            },
            "0.5": {
                "P": 0.7239576764963117,
                "Q": 2.26397160302784,
                "COP": 3.1272154112442427
            },
            "0.39999999999999997": {
                "P": 0.5877502725040732,
                "Q": 1.8102351061683772,
                "COP": 3.0799392035259876
            },
            "0.3": {
                "P": 0.44634000565465975,
                "Q": 1.350695730316349,
                "COP": 3.0261587874814055
            }
        },
        "65.66666666666667": {
            "1.0": {
                "P": 1.23868734962374,
                "Q": 4.282932800926625,
                "COP": 3.4576382831612804
            },
            "0.8999999999999999": {
                "P": 1.111400143859575,
                "Q": 3.8596935019645118,
                "COP": 3.4728207687295227
            },
            "0.7999999999999999": {
                "P": 1.012456750249847,
                "Q": 3.4575708463533554,
                "COP": 3.4150306622975455
            },
            "0.7": {
                "P": 0.9261046834710059,
                "Q": 3.0636360536710887,
                "COP": 3.3080882845648665
            },
            "0.6": {
                "P": 0.8433375933557703,
                "Q": 2.6708504816923893,
                "COP": 3.1670003836360046
            },
            "0.5": {
                "P": 0.7569444090651087,
                "Q": 2.2727758426299793,
                "COP": 3.0025663911528886
            },
            "0.39999999999999997": {
                "P": 0.6135466087896005,
                "Q": 1.8158352418701043,
                "COP": 2.9595718008324883
            },
            "0.3": {
                "P": 0.46614242034160486,
                "Q": 1.35507194381661,
                "COP": 2.906991264222569
            }
        },
        "68.88888888888889": {
            "1.0": {
                "P": 1.2852849075151593,
                "Q": 4.276564254637847,
                "COP": 3.32732783963497
            },
            "0.8999999999999999": {
                "P": 1.155211541919483,
                "Q": 3.8569879336763107,
                "COP": 3.3387719856638505
            },
            "0.7999999999999999": {
                "P": 1.0539575075187642,
                "Q": 3.4585920929611667,
                "COP": 3.2815289689462093
            },
            "0.7": {
                "P": 0.9644571944796052,
                "Q": 3.0673415700360946,
                "COP": 3.180381242001257
            },
            "0.6": {
                "P": 0.8790091053098981,
                "Q": 2.677189839938801,
                "COP": 3.045690680297273
            },
            "0.5": {
                "P": 0.7896997918759592,
                "Q": 2.2810029137080905,
                "COP": 2.888443098470989
            },
            "0.39999999999999997": {
                "P": 0.6389699906046263,
                "Q": 1.8208498658303427,
                "COP": 2.849664135411681
            },
            "0.3": {
                "P": 0.4858666033103091,
                "Q": 1.3589909062611656,
                "COP": 2.7970453145000724
            }
        },
        "72.11111111111111": {
            "1.0": {
                "P": 1.3350829820324972,
                "Q": 4.269786938503936,
                "COP": 3.198143483189126
            },
            "0.8999999999999999": {
                "P": 1.2019415629078931,
                "Q": 3.8540669402154264,
                "COP": 3.2065343766723293
            },
            "0.7999999999999999": {
                "P": 1.0970354702044365,
                "Q": 3.4586863014034246,
                "COP": 3.1527570396232365
            },
            "0.7": {
                "P": 1.004023171552371,
                "Q": 3.0704595287908414,
                "COP": 3.0581560423983527
            },
            "0.6": {
                "P": 0.9152023426255528,
                "Q": 2.682797925601008,
                "COP": 2.9313713488806616
            },
            "0.5": {
                "P": 0.8221894612614882,
                "Q": 2.288472421480788,
                "COP": 2.7833881718327755
            },
            "0.39999999999999997": {
                "P": 0.6640633053251414,
                "Q": 1.825237218319588,
                "COP": 2.7485891837163146
            },