{
    "10.0": {
        "56.0": {
            "1.0": {
                "P": 1.55989143696799,
                "Q": 4.737887552747911,
                "COP": 3.0373187777459
            },
            "0.8999999999999999": {
                "P": 1.394831309239056,
                "Q": 4.297320085487399,
                "COP": 3.080888747637722
            },
            "0.7999999999999999": {
                "P": 1.262401719144755,
                "Q": 3.8735337847650726,
                "COP": 3.068384434226922
            },
            "0.7": {
                "P": 1.1437397188996095,
                "Q": 3.451351228363461,
                "COP": 3.017601969514534
            },
            "0.6": {
                "P": 1.0290498463346742,
                "Q": 3.023531070895824,
                "COP": 2.938177466976164
            },
            "0.5": {
                "P": 0.9095563583189414,
                "Q": 2.5825667523634293,
                "COP": 2.839369686928005
            },
            "0.39999999999999997": {
                "P": 0.7295605472740253,
                "Q": 2.073393902713854,
                "COP": 2.841976461667246
            },
            "0.3": {
                "P": 0.5530641331633546,
                "Q": 1.5561392526607152,
                "COP": 2.8136687218534373
            }
        },
        "59.22222222222222": {
            "1.0": {
                "P": 1.5846089570816224,
                "Q": 4.608218421681562,
                "COP": 2.908110799883731
            },
            "0.8999999999999999": {
                "P": 1.4213547708159653,
                "Q": 4.183133645869358,
                "COP": 2.9430608963784053
            },
            "0.7999999999999999": {
                "P": 1.2904186111051636,
                "Q": 3.7738275742031635,
                "COP": 2.9244987182656286
            },
            "0.7": {
                "P": 1.1721153339290293,
                "Q": 3.3658380119899785,
                "COP": 2.8715928497474783
            },
            "0.6": {
                "P": 1.0575769659542842,
                "Q": 2.952127899445766,
                "COP": 2.7914071452775735
            },
            "0.5": {
                "P": 0.9378748073722964,
                "Q": 2.524790427176468,
                "COP": 2.692033528707668
            },
            "0.39999999999999997": {
                "P": 0.7545127535038645,
                "Q": 2.026901895515591,
                "COP": 2.6863719481253403
            },
            "0.3": {
                "P": 0.5725504213880902,
                "Q": 1.5208634324056425,
                "COP": 2.6562960668485127
            }
        },
        "62.44444444444444": {
            "1.0": {
                "P": 1.6173963243793312,
                "Q": 4.4770740302458005,
                "COP": 2.768074814293805
            },
            "0.8999999999999999": {
                "P": 1.4530311093362793,
                "Q": 4.065139254855208,
                "COP": 2.797695953469363
            },
            "0.7999999999999999": {
                "P": 1.3207197964493524,
                "Q": 3.6699234021771643,
                "COP": 2.7787297593656537
            },
            "0.7": {
                "P": 1.2020892344060081,
                "Q": 3.275671910666638,
                "COP": 2.7249823198734955
            },
            "0.6": {
                "P": 1.086785715773554,
                "Q": 2.8762186726563987,
                "COP": 2.646537059616356
            },
            "0.5": {
                "P": 0.966364451868541,
                "Q": 2.4629351624546496,
                "COP": 2.548660764261736
            },
            "0.39999999999999997": {
                "P": 0.77957984527969,
                "Q": 1.9772686827141501,
                "COP": 2.536326066773526
            },
            "0.3": {
                "P": 0.5920491027437531,
                "Q": 1.4832387600929562,
                "COP": 2.505263082435448
            }
        },
        "65.66666666666667": {
            "1.0": {
                "P": 1.651820012387323,
                "Q": 4.339448248656071,
                "COP": 2.6270708770408975
            },
            "0.8999999999999999": {
                "P": 1.4853721349322837,
                "Q": 3.9407709560313102,
                "COP": 2.653052971275084
            },
            "0.7999999999999999": {
                "P": 1.3519555317594394,
                "Q": 3.559293914330749,
                "COP": 2.632700433348331
            },
            "0.7": {
                "P": 1.2320598380396819,
                "Q": 3.1797790288173857,
                "COP": 2.580864119292047
            },
            "0.6": {
                "P": 1.1160739220504596,
                "Q": 2.794977769229739,
                "COP": 2.504294486242259
            },
            "0.5": {
                "P": 0.9942443820005911,
                "Q": 2.39711815178138,
                "COP": 2.4109949175251715
            },
            "0.39999999999999997": {
                "P": 0.8041203491203349,
                "Q": 1.9241244678807998,
                "COP": 2.392831458606526
            },
            "0.3": {
                "P": 0.6116236334696544,
                "Q": 1.4429925420107736,
                "COP": 2.3592818574143073
            }
        },
        "68.88888888888889": {
            "1.0": {
                "P": 1.6866363459457456,
                "Q": 4.1927693593869,
                "COP": 2.4858763238829016
            },
            "0.8999999999999999": {
                "P": 1.5180679441570206,
                "Q": 3.8084189605192855,
                "COP": 2.508727606809517
            },
            "0.7999999999999999": {
                "P": 1.3830472193960783,
                "Q": 3.441591244092766,
                "COP": 2.4884119615204257
            },
            "0.7": {
                "P": 1.2617299261658244,
                "Q": 3.0774474272505024,
                "COP": 2.4390698543564904
            },
            "0.6": {
                "P": 1.1444950724589291,
                "Q": 2.708798236890239,
                "COP": 2.3668063778295085
            },
            "0.5": {
                "P": 1.0216092025366907,
                "Q": 2.3263976005630482,
                "COP": 2.277189354585416
            },
            "0.39999999999999997": {
                "P": 0.8278180963393731,
                "Q": 1.867579892605568,
                "COP": 2.2560268987402434
            },
            "0.3": {
                "P": 0.6304741410228775,
                "Q": 1.40017999521045,
                "COP": 2.2208365166869592
            }
        },
        "72.11111111111111": {
            "1.0": {
                "P": 1.7208726653809534,
                "Q": 4.036924538017757,
                "COP": 2.3458589465851585
            },
            "0.8999999999999999": {
                "P": 1.550399274365033,
                "Q": 3.666983457802006,
                "COP": 2.365186515779183
            },
            "0.7999999999999999": {
                "P": 1.413194248920339,
                "Q": 3.3162936684604953,
                "COP": 2.3466651318416405
            },
            "0.7": {
                "P": 1.290747904336751,
                "Q": 2.968756854208981,
                "COP": 2.3000284131659874
            },
            "0.6": {
                "P": 1.1722352911191443,
                "Q": 2.616277419030378,
                "COP": 2.2318705458292363
            },
            "0.5": {
                "P": 1.0479251407063876,
                "Q": 2.2510970462901936,
                "COP": 2.1481468082469797
            },
            "0.39999999999999997": {
                "P": 0.8509163281897043,
                "Q": 1.8070035735291765,
                "COP": 2.1235972488311696
            },